id,user_id,project_id,reward_id,amount,timestamp,status
1,1,10000005,13,137,2025-09-20 10:10:04,success
2,1,10000005,13,137,2025-09-20 10:10:05,success
3,1,10000005,14,518,2025-09-20 10:10:07,success
4,1,10000005,14,518,2025-09-20 10:10:08,success
5,1,10000005,14,518,2025-09-20 10:10:12,success
6,1,10000005,14,518,2025-09-20 10:10:12,success
7,1,10000005,14,518,2025-09-20 10:10:12,success
8,1,10000005,14,518,2025-09-20 10:10:13,success
9,1,10000005,14,518,2025-09-20 10:10:13,success
10,1,10000001,5,1682,2025-09-20 10:10:37,success
11,1,10000001,5,1682,2025-09-20 10:10:37,success
12,1,10000001,5,1682,2025-09-20 10:10:38,success
13,1,10000004,11,800,2025-09-20 10:10:48,success
14,1,10000005,13,137,2025-09-20 10:16:22,success
15,1,10000005,13,936,2025-09-20 10:25:27,success
16,1,10000005,13,936,2025-09-20 10:25:28,success
17,1,10000005,13,936,2025-09-20 10:25:29,success
18,1,10000005,13,936,2025-09-20 10:25:29,success
19,1,10000005,13,936,2025-09-20 10:25:29,success
20,1,10000005,13,936,2025-09-20 10:25:29,success
21,1,10000005,14,1012,2025-09-20 10:25:43,success
22,1,10000005,14,1012,2025-09-20 10:25:43,success
23,1,10000005,14,1012,2025-09-20 10:25:43,success
24,1,10000007,18,761,2025-09-20 10:31:40,success
25,1,10000007,18,761,2025-09-20 10:31:40,success
26,1,10000007,18,761,2025-09-20 10:31:40,success
27,1,10000007,18,761,2025-09-20 10:31:41,success
28,1,10000007,18,761,2025-09-20 10:31:41,success
29,1,10000007,18,761,2025-09-20 10:31:41,success
30,1,10000007,18,761,2025-09-20 10:31:42,success
31,1,10000007,18,761,2025-09-20 10:31:42,success
32,1,10000007,18,761,2025-09-20 10:31:42,success
33,1,10000007,18,761,2025-09-20 10:31:42,success
34,1,10000007,18,761,2025-09-20 10:31:43,success
35,1,10000007,18,761,2025-09-20 10:31:43,success
36,1,10000007,18,761,2025-09-20 10:31:43,success
37,1,10000007,None,10,2025-09-20 10:33:56,success
38,1,10000007,20,232,2025-09-20 10:34:48,success
39,1,10000007,20,232,2025-09-20 10:34:49,success
40,1,10000007,20,232,2025-09-20 10:34:49,success
41,1,10000007,20,232,2025-09-20 10:34:49,success
42,1,10000007,20,232,2025-09-20 10:34:50,success
43,1,10000007,20,232,2025-09-20 10:34:50,success
44,1,10000007,20,232,2025-09-20 10:34:50,success
45,1,10000007,20,232,2025-09-20 10:34:51,success
46,1,10000007,20,232,2025-09-20 10:34:51,success
47,1,10000007,20,232,2025-09-20 10:34:51,success
48,1,10000007,20,232,2025-09-20 10:34:52,success
49,1,10000007,20,232,2025-09-20 10:34:52,success
50,1,10000007,20,232,2025-09-20 10:34:52,success
51,1,10000007,20,232,2025-09-20 10:34:52,success
52,1,10000007,20,232,2025-09-20 10:34:52,success
53,1,10000007,20,232,2025-09-20 10:34:53,success
54,1,10000007,20,232,2025-09-20 10:34:53,success
55,1,10000007,20,232,2025-09-20 10:34:53,success
56,1,10000007,20,232,2025-09-20 10:34:54,success
57,1,10000007,21,1226,2025-09-20 10:34:56,success
58,1,10000007,21,1226,2025-09-20 10:34:59,success
59,1,10000007,21,1226,2025-09-20 10:35:00,success
60,1,10000007,21,1226,2025-09-20 10:35:00,success
61,1,10000007,None,19,2025-09-20 10:35:25,success
62,1,10000002,7,507,2025-09-20 10:35:44,success
63,1,10000002,6,143,2025-09-20 10:37:45,success
64,1,10000002,6,143,2025-09-20 10:37:46,success
65,1,10000002,6,143,2025-09-20 10:37:46,success
66,1,10000002,6,143,2025-09-20 10:37:46,success
67,1,10000002,7,416,2025-09-20 10:37:47,success
68,1,10000002,7,416,2025-09-20 10:37:48,success
69,1,10000002,7,416,2025-09-20 10:37:48,success
70,1,10000002,7,416,2025-09-20 10:37:48,success
71,1,10000002,7,416,2025-09-20 10:37:49,success
72,1,10000002,7,416,2025-09-20 10:37:49,success
73,1,10000002,7,416,2025-09-20 10:37:49,success
74,1,10000002,7,416,2025-09-20 10:37:50,success
75,1,10000002,7,416,2025-09-20 10:37:50,success
76,1,10000002,7,416,2025-09-20 10:37:50,success
77,1,10000002,7,416,2025-09-20 10:37:51,success
78,1,10000002,6,177,2025-09-20 10:41:15,success
79,1,10000002,6,177,2025-09-20 10:41:15,success
80,1,10000002,6,177,2025-09-20 10:41:15,success
81,1,10000002,6,177,2025-09-20 10:41:15,success
82,1,10000002,6,177,2025-09-20 10:41:16,success
83,1,10000002,6,177,2025-09-20 10:41:16,success
84,1,10000002,6,177,2025-09-20 10:41:16,success
85,1,10000002,6,177,2025-09-20 10:41:17,success
86,1,10000002,6,177,2025-09-20 10:41:17,success
87,1,10000002,6,177,2025-09-20 10:41:17,success
88,1,10000002,6,177,2025-09-20 10:41:18,success
89,1,10000002,6,177,2025-09-20 10:41:18,rejected
90,1,10000002,6,177,2025-09-20 10:41:18,rejected
91,1,10000002,6,177,2025-09-20 10:41:18,rejected
92,1,10000002,6,177,2025-09-20 10:41:19,rejected
93,1,10000002,6,177,2025-09-20 10:41:19,rejected
94,1,10000002,6,177,2025-09-20 10:41:19,rejected
95,1,10000002,7,482,2025-09-20 10:41:20,success
96,1,10000002,7,482,2025-09-20 10:41:22,success
97,1,10000002,7,482,2025-09-20 10:41:22,success
98,1,10000002,7,482,2025-09-20 10:41:22,success
99,1,10000002,7,482,2025-09-20 10:41:23,success
100,1,10000002,7,482,2025-09-20 10:41:23,success
101,1,10000002,7,482,2025-09-20 10:41:23,success
102,1,10000002,6,177,2025-09-20 10:41:24,rejected
103,1,10000002,6,177,2025-09-20 10:41:24,rejected
104,1,10000002,6,177,2025-09-20 10:41:24,rejected
105,1,10000002,6,177,2025-09-20 10:41:24,rejected
106,1,10000002,6,177,2025-09-20 10:41:24,rejected
107,1,10000002,6,177,2025-09-20 10:41:25,rejected
108,1,10000002,7,482,2025-09-20 10:41:26,success
109,1,10000002,7,482,2025-09-20 10:41:27,success
110,1,10000002,7,482,2025-09-20 10:41:27,success
111,1,10000002,7,482,2025-09-20 10:41:28,success
112,1,10000002,7,482,2025-09-20 10:41:28,success
113,1,10000002,7,482,2025-09-20 10:41:28,success
114,1,10000002,7,482,2025-09-20 10:41:28,success
115,1,10000002,7,482,2025-09-20 10:41:29,success
116,1,10000002,7,482,2025-09-20 10:41:29,success
117,1,10000002,7,482,2025-09-20 10:41:29,rejected
118,1,10000002,7,482,2025-09-20 10:41:29,rejected
119,1,10000002,7,482,2025-09-20 10:41:30,rejected
120,1,10000002,7,482,2025-09-20 10:41:30,rejected
121,1,10000002,7,482,2025-09-20 10:41:30,rejected
122,1,10000002,7,482,2025-09-20 10:41:31,rejected
123,1,10000002,7,482,2025-09-20 10:41:31,rejected
124,1,10000002,7,482,2025-09-20 10:41:31,rejected
125,1,10000002,6,805,2025-09-20 10:52:47,success
126,1,10000002,7,1704,2025-09-20 10:52:48,success
127,1,10000002,7,1704,2025-09-20 10:52:48,success
128,1,10000002,7,1704,2025-09-20 10:52:49,success
129,1,10000002,7,1704,2025-09-20 10:52:49,success
130,1,10000002,7,1704,2025-09-20 10:52:49,success
131,1,10000002,7,1704,2025-09-20 10:52:49,success
132,1,10000002,7,1704,2025-09-20 10:52:50,success
133,1,10000002,7,1704,2025-09-20 10:52:50,success
134,1,10000002,7,1704,2025-09-20 10:52:50,success
135,1,10000002,7,1704,2025-09-20 10:52:50,success
136,1,10000002,7,1704,2025-09-20 10:52:51,success
137,1,10000004,10,746,2025-09-20 10:53:06,success
138,1,10000004,10,746,2025-09-20 10:53:07,success
139,1,10000003,8,226,2025-09-20 11:07:10,success
140,1,10000003,8,226,2025-09-20 11:07:12,success
141,1,10000003,8,226,2025-09-20 11:07:12,success
142,1,10000003,8,226,2025-09-20 11:07:12,success
143,1,10000003,8,226,2025-09-20 11:07:13,success
144,1,10000003,8,226,2025-09-20 11:07:13,success
145,1,10000003,8,226,2025-09-20 11:07:13,success
146,1,10000003,8,226,2025-09-20 11:07:13,rejected
147,1,10000003,8,226,2025-09-20 11:07:14,rejected
148,1,10000003,8,226,2025-09-20 11:07:14,rejected
149,1,10000003,8,226,2025-09-20 11:07:14,rejected
150,1,10000003,8,226,2025-09-20 11:07:14,rejected
151,1,10000003,8,226,2025-09-20 11:07:14,rejected
152,1,10000003,8,226,2025-09-20 11:07:15,rejected
153,1,10000007,19,1204,2025-09-20 11:07:25,success
154,1,10000007,19,1204,2025-09-20 11:07:27,success
155,1,10000007,18,716,2025-09-20 11:07:28,success
156,1,10000007,18,716,2025-09-20 11:07:28,success
157,1,10000007,18,716,2025-09-20 11:07:28,success
158,1,10000007,18,716,2025-09-20 11:07:28,success
159,1,10000007,18,716,2025-09-20 11:07:29,success
160,1,10000007,18,716,2025-09-20 11:07:29,success
161,1,10000007,18,716,2025-09-20 11:07:30,success
162,1,10000007,18,716,2025-09-20 11:07:30,success
163,1,10000007,18,716,2025-09-20 11:07:30,success
164,1,10000007,18,716,2025-09-20 11:07:30,success
165,1,10000007,18,716,2025-09-20 11:07:30,success
166,1,10000007,18,716,2025-09-20 11:07:31,success
167,1,10000007,18,716,2025-09-20 11:07:31,rejected
168,1,10000007,18,716,2025-09-20 11:07:31,rejected
169,1,10000007,18,716,2025-09-20 11:07:31,rejected
170,1,10000007,18,716,2025-09-20 11:07:31,rejected
171,1,10000007,18,716,2025-09-20 11:07:32,rejected
172,1,10000007,18,716,2025-09-20 11:07:32,rejected
173,1,10000007,18,716,2025-09-20 11:07:32,rejected
174,1,10000007,18,716,2025-09-20 11:07:32,rejected
175,1,10000003,8,226,2025-09-20 11:11:00,rejected
176,1,10000001,5,662,2025-09-20 11:12:22,success
177,1,10000001,None,10,2025-09-20 11:12:24,success
178,1,10000001,5,662,2025-09-20 11:12:25,success
179,1,10000007,20,372,2025-09-20 11:21:11,success
180,1,10000007,21,934,2025-09-20 11:21:13,success
181,1,10000007,20,372,2025-09-20 11:21:14,success
182,1,10000007,20,372,2025-09-20 11:21:16,success
183,1,10000007,20,372,2025-09-20 11:21:18,success
184,1,10000007,22,591,2025-09-20 11:21:20,success
185,1,10000001,5,1760,2025-09-20 11:22:28,success
186,1,10000001,4,384,2025-09-20 11:22:30,success
187,1,10000001,4,384,2025-09-20 11:22:31,success
188,1,10000001,4,384,2025-09-20 11:22:31,success
189,1,10000001,4,384,2025-09-20 11:22:31,success
190,1,10000001,4,384,2025-09-20 11:22:31,success
191,1,10000001,4,384,2025-09-20 11:22:31,success
192,1,10000001,4,384,2025-09-20 11:22:31,success
193,1,10000001,4,384,2025-09-20 11:22:32,success
194,1,10000001,4,384,2025-09-20 11:22:32,success
195,1,10000001,4,384,2025-09-20 11:22:32,success
196,1,10000001,4,384,2025-09-20 11:22:32,success
197,1,10000001,4,384,2025-09-20 11:22:32,success
198,1,10000001,4,384,2025-09-20 11:22:33,success
199,1,10000001,4,384,2025-09-20 11:22:33,success
200,1,10000001,4,384,2025-09-20 11:22:33,success
201,1,10000001,4,384,2025-09-20 11:22:33,success
202,1,10000004,11,332,2025-09-20 11:37:19,success
203,1,10000004,11,332,2025-09-20 11:37:20,success
204,1,10000004,11,332,2025-09-20 11:37:22,success
205,1,10000004,11,332,2025-09-20 11:37:25,success
206,1,10000001,4,797,2025-09-20 11:46:17,success
207,1,10000001,4,797,2025-09-20 11:46:18,success
208,1,10000001,4,797,2025-09-20 11:46:18,success
209,1,10000003,10,642,2025-09-20 11:52:55,success
210,1,10000003,10,642,2025-09-20 11:52:58,success
211,1,10000003,10,642,2025-09-20 11:53:16,success
212,1,10000003,12,678,2025-09-20 11:53:18,success
213,1,10000003,11,1306,2025-09-20 11:53:19,success
214,1,10000003,10,642,2025-09-20 11:53:20,success
215,1,10000003,10,642,2025-09-20 11:53:21,success
216,1,10000003,10,642,2025-09-20 11:53:21,rejected
217,1,10000003,10,642,2025-09-20 11:53:21,rejected
218,1,10000003,10,642,2025-09-20 11:53:21,rejected
219,1,10000003,11,1306,2025-09-20 11:53:24,success
220,1,10000003,11,1306,2025-09-20 11:53:26,success
